Nb_Feuille; Nb_Scan;Threshold;Nb_Particle;Ind;Nb_ech;Organe;Place;Area;Length
F1;1;196;1;PIS14;1;petale;2;0,219;NA
F1;1;196;2;PIS14;1;petale;5;0,241;NA
F1;1;196;3;PIS14;1;pistile;1;0,044;0,859
F1;1;196;4;PIS14;1;petale;3;0,254;NA
F1;1;196;5;PIS14;1;petale;1;0,188;NA
F1;1;196;6;PIS14;1;petale;4;0,199;NA
F1;1;196;7;PIS14;1;sepale;4;0,081;NA
F1;1;196;8;PIS14;1;etamine;4;0,067;NA
F1;1;196;10;PIS14;1;etamine;5;0,064;NA
F1;1;196;11;PIS14;1;sepale;3;0,062;NA
F1;1;196;12;PIS14;1;sepale;1;0,086;NA
F1;1;196;13;PIS14;1;etamine;3;0,062;NA
F1;1;196;14;PIS14;1;sepale;5;0,092;NA
F1;1;196;15;PIS14;1;etamine;1;0,068;NA
F1;1;196;17;PIS14;1;etamine;2;0,062;NA
F1;1;196;18;PIS14;1;sepale;2;0,048;NA
F1;1;196;20;PIS14;2;pistile;1;0,035;0,956
F1;1;196;21;PIS14;2;petale;5;0,388;NA
F1;1;196;22;PIS14;2;etamine;5;0,077;NA
F1;1;196;23;PIS14;2;etamine;4;0,075;NA
F1;1;196;24;PIS14;2;sepale;1;0,069;NA
F1;1;196;25;PIS14;2;etamine;3;0,068;NA
F1;1;196;26;PIS14;2;petale;4;0,525;NA
F1;1;196;27;PIS14;2;sepale;3;0,067;NA
F1;1;196;28;PIS14;2;etamine;2;0,067;NA
F1;1;196;29;PIS14;2;sepale;2;0,066;NA
F1;1;196;30;PIS14;2;sepale;5;0,057;NA
F1;1;196;31;PIS14;2;petale;3;0,354;NA
F1;1;196;32;PIS14;2;petale;1;0,427;NA
F1;1;196;34;PIS14;2;sepale;4;0,056;NA
F1;1;196;35;PIS14;2;etamine;1;0,07;NA
F1;1;196;37;PIS14;2;petale;2;0,347;NA
F1;1;196;40;PIS14;3;etamine;4;0,072;NA
F1;1;196;41;PIS14;3;etamine;5;0,077;NA
F1;1;196;42;PIS14;3;pistile;1;0,032;0,889
F1;1;196;43;PIS14;3;etamine;1;0,074;NA
F1;1;196;44;PIS14;3;etamine;3;0,078;NA
F1;1;196;45;PIS14;3;etamine;2;0,077;NA
F1;1;196;46;PIS14;3;petale;3;0,264;NA
F1;1;196;47;PIS14;3;petale;4;0,311;NA
F1;1;196;48;PIS14;3;petale;5;0,188;NA
F1;1;196;49;PIS14;3;petale;2;0,218;NA
F1;1;196;51;PIS14;3;petale;1;0,288;NA
F1;1;196;53;PIS14;3;sepale;1;0,061;NA
F1;1;196;54;PIS14;3;sepale;5;0,057;NA
F1;1;196;55;PIS14;3;sepale;2;0,053;NA
F1;1;196;56;PIS14;3;sepale;3;0,06;NA
F1;1;196;57;PIS14;3;sepale;4;0,061;NA
F1;1;196;59;PIS14;4;pistile;1;0,04;0,876
F1;1;196;60;PIS14;4;etamine;5;0,075;NA
F1;1;196;61;PIS14;4;petale;3;0,29;NA
F1;1;196;62;PIS14;4;petale;5;0,287;NA
F1;1;196;63;PIS14;4;petale;2;0,403;NA
F1;1;196;64;PIS14;4;etamine;2;0,071;NA
F1;1;196;65;PIS14;4;sepale;2;0,056;NA
F1;1;196;66;PIS14;4;etamine;1;0,074;NA
F1;1;196;67;PIS14;4;etamine;4;0,071;NA
F1;1;196;68;PIS14;4;petale;1;0,418;NA
F1;1;196;69;PIS14;4;sepale;1;0,051;NA
F1;1;196;70;PIS14;4;sepale;3;0,076;NA
F1;1;196;71;PIS14;4;etamine;3;0,067;NA
F1;1;196;73;PIS14;4;petale;4;0,323;NA
F1;1;196;74;PIS14;4;sepale;4;0,06;NA
F1;1;196;75;PIS14;4;sepale;5;0,054;NA
F1;1;196;78;PIS14;5;pistile;1;0,035;0,898
F1;1;196;79;PIS14;5;petale;2;0,324;NA
F1;1;196;80;PIS14;5;petale;3;0,343;NA
F1;1;196;82;PIS14;5;petale;5;0,361;NA
F1;1;196;83;PIS14;5;petale;1;0,312;NA
F1;1;196;84;PIS14;5;petale;4;0,356;NA
F1;1;196;85;PIS14;5;etamine;5;0,079;NA
F1;1;196;86;PIS14;5;etamine;2;0,063;NA
F1;1;196;87;PIS14;5;etamine;3;0,063;NA
F1;1;196;88;PIS14;5;etamine;1;0,07;NA
F1;1;196;89;PIS14;5;etamine;4;0,056;NA
F1;1;196;90;PIS14;5;sepale;4;0,055;NA
F1;1;196;91;PIS14;5;sepale;3;0,048;NA
F1;1;196;92;PIS14;5;sepale;5;0,066;NA
F1;1;196;93;PIS14;5;sepale;1;0,051;NA
F1;1;196;94;PIS14;5;sepale;2;0,047;NA
F1;1;196;101;PIS14;6;corolle;1;2,157;NA
F1;1;196;103;PIS14;6;pistile;1;0,036;0,931
F1;1;196;104;PIS14;6;etamine;5;0,077;0,731
F1;1;196;105;PIS14;6;etamine;2;0,076;0,62
F1;1;196;106;PIS14;6;etamine;1;0,071;0,638
F1;1;196;107;PIS14;6;etamine;4;0,075;0,734
F1;1;196;108;PIS14;6;etamine;3;0,077;0,7
F1;1;196;109;PIS14;6;sepale;5;0,055;NA
F1;1;196;110;PIS14;6;sepale;1;0,058;NA
F1;1;196;111;PIS14;6;sepale;3;0,063;NA
F1;1;196;112;PIS14;6;sepale;4;0,052;NA
F1;1;196;113;PIS14;6;sepale;2;0,061;NA
F1;1;196;9;Rien;NA;NA;NA;0,002;NA
F1;1;196;16;Rien;NA;NA;NA;0,018;NA
F1;1;196;19;Rien;NA;NA;NA;0,0002922;NA
F1;1;196;33;Rien;NA;NA;NA;0,007;NA
F1;1;196;36;Rien;NA;NA;NA;0,011;NA
F1;1;196;38;Rien;NA;NA;NA;0,0002922;NA
F1;1;196;39;Rien;NA;NA;NA;0,0002922;NA
F1;1;196;50;Rien;NA;NA;NA;0,023;NA
F1;1;196;52;Rien;NA;NA;NA;0,0002922;NA
F1;1;196;58;Rien;NA;NA;NA;0,001;NA
F1;1;196;72;Rien;NA;NA;NA;0,023;NA
F1;1;196;76;Rien;NA;NA;NA;0,0002922;NA
F1;1;196;77;Rien;NA;NA;NA;0,0002922;NA
F1;1;196;81;Rien;NA;NA;NA;0,0005844;NA
F1;1;196;95;Rien;NA;NA;NA;0,0005844;NA
F1;1;196;96;Rien;NA;NA;NA;0,0002922;NA
F1;1;196;97;Rien;NA;NA;NA;0,0008766;NA
F1;1;196;98;Rien;NA;NA;NA;0,0002922;NA
F1;1;196;99;Rien;NA;NA;NA;0,0002922;NA
F1;1;196;100;Rien;NA;NA;NA;0,001;NA
F1;1;196;102;Rien;NA;NA;NA;0,0005844;NA
F1;2;213;1;PIS40;1;etamine;2;0,067;0,693
F1;2;213;3;PIS40;1;etamine;3;0,07;0,704
F1;2;213;5;PIS40;1;corolle;1;0,842;NA
F1;2;213;6;PIS40;1;etamine;1;0,06;0,64
F1;2;213;7;PIS40;1;etamine;5;0,078;0,632
F1;2;213;8;PIS40;1;pistile;1;0,036;0,733
F1;2;213;9;PIS40;1;etamine;4;0,073;0,797
F1;2;213;10;PIS40;1;sepale;1;0,053;NA
F1;2;213;11;PIS40;1;sepale;2;0,061;NA
F1;2;213;12;PIS40;1;sepale;4;0,042;NA
F1;2;213;13;PIS40;1;sepale;3;0,032;NA
F1;2;213;14;PIS40;1;sepale;5;0,055;NA
F1;2;213;15;PIS40;2;corolle;1;0,846;NA
F1;2;213;16;PIS40;2;etamine;2;0,064;0,711
F1;2;213;17;PIS40;2;etamine;1;0,076;0,759
F1;2;213;18;PIS40;2;etamine;3;0,08;0,77
F1;2;213;18;PIS40;2;etamine;4;0,08;0,672
F1;2;213;19;PIS40;2;etamine;5;0,079;0,746
F1;2;213;20;PIS40;2;pistile;1;0,032;0,785
F1;2;213;21;PIS40;2;sepale;3;0,048;NA
F1;2;213;22;PIS40;2;sepale;4;0,049;NA
F1;2;213;23;PIS40;2;sepale;1;0,054;NA
F1;2;213;24;PIS40;2;sepale;2;0,038;NA
F1;2;213;25;PIS40;2;sepale;5;0,055;NA
F1;2;213;2;Rien;NA;NA;NA;0,0002922;NA
F1;2;213;4;Rien;NA;NA;NA;0,0002922;NA
F1;2;213;26;Rien;NA;NA;NA;0,0002922;NA
F2;3;213;13;Rien;NA;NA;NA;0,005;NA
F2;3;213;14;Rien;NA;NA;NA;0,0002778;NA
F2;3;213;15;Rien;NA;NA;NA;0,0002778;NA
F2;3;213;16;Rien;NA;NA;NA;0,0002778;NA
F2;3;213;27;Rien;NA;NA;NA;0,0005556;NA
F2;3;213;29;Rien;NA;NA;NA;0,0005556;NA
F2;3;213;31;Rien;NA;NA;NA;0,0002778;NA
F2;3;213;44;Rien;NA;NA;NA;0,012;NA
F2;3;213;45;Rien;NA;NA;NA;0,0002778;NA
F2;3;213;1;SC2;1;corolle;1;1,307;NA
F2;3;213;2;SC2;1;pistile;1;0,041;1,057
F2;3;213;3;SC2;1;sepale;4;0,082;NA
F2;3;213;4;SC2;1;etamine;1;0,076;0,769
F2;3;213;5;SC2;1;etamine;4;0,083;0,714
F2;3;213;6;SC2;1;etamine;5;0,084;0,695
F2;3;213;7;SC2;1;etamine;3;0,087;0,699
F2;3;213;8;SC2;1;sepale;5;0,066;NA
F2;3;213;9;SC2;1;sepale;1;0,046;NA
F2;3;213;10;SC2;1;sepale;3;0,059;NA
F2;3;213;11;SC2;1;sepale;2;0,049;NA
F2;3;213;12;SC2;1;etamine;2;0,102;0,703
F2;3;213;17;SC2;2;corolle;1;1,189;NA
F2;3;213;18;SC2;2;etamine;3;0,077;0,902
F2;3;213;19;SC2;2;etamine;4;0,073;0,698
F2;3;213;20;SC2;2;etamine;2;0,077;0,683
F2;3;213;21;SC2;2;sepale;5;0,047;NA
F2;3;213;22;SC2;2;pistile;1;0,036;1,067
F2;3;213;23;SC2;2;sepale;4;0,055;NA
F2;3;213;24;SC2;2;etamine;1;0,074;0,748
F2;3;213;25;SC2;2;etamine;5;0,071;0,676
F2;3;213;26;SC2;2;sepale;2;0,045;NA
F2;3;213;28;SC2;2;sepale;1;0,034;NA
F2;3;213;30;SC2;2;sepale;3;0,044;NA
F2;3;213;32;SC2;3;etamine;1;0,078;0,665
F2;3;213;33;SC2;3;etamine;4;0,081;0,73
F2;3;213;34;SC2;3;pistile;1;0,032;1,057
F2;3;213;35;SC2;3;corolle;1;1,21;NA
F2;3;213;36;SC2;3;etamine;5;0,078;0,7
F2;3;213;37;SC2;3;sepale;5;0,044;NA
F2;3;213;38;SC2;3;etamine;3;0,075;0,754
F2;3;213;39;SC2;3;etamine;2;0,076;0,762
F2;3;213;40;SC2;3;sepale;4;0,061;NA
F2;3;213;41;SC2;3;sepale;1;0,081;NA
F2;3;213;42;SC2;3;sepale;2;0,057;NA
F2;3;213;43;SC2;3;sepale;3;0,049;NA
F3;4;213;3;PIS14;8;corolle;1;2,36;NA
F3;4;213;5;PIS14;8;sepale;5;0,074;NA
F3;4;213;6;PIS14;8;sepale;4;0,067;NA
F3;4;213;7;PIS14;8;sepale;1;0,068;NA
F3;4;213;7;PIS14;8;sepale;2;0,068;NA
F3;4;213;9;PIS14;8;sepale;3;0,058;NA
F3;4;213;12;PIS14;7;sepale;1;0,111;NA
F3;4;213;12;PIS14;7;sepale;2;0,111;NA
F3;4;213;15;PIS14;7;corolle;1;2,708;NA
F3;4;213;16;PIS14;7;sepale;4;0,092;NA
F3;4;213;17;PIS14;7;sepale;5;0,093;NA
F3;4;213;18;PIS14;7;sepale;3;0,078;NA
F3;4;213;20;PIS14;7;pistile;1;0,042;0,893
F3;4;213;22;PIS14;8;pistile;1;0,044;0,856
F3;4;213;23;PIS14;8;etamine;5;0,066;0,694
F3;4;213;24;PIS14;8;etamine;4;0,053;0,663
F3;4;213;25;PIS14;8;etamine;2;0,043;0,683
F3;4;213;26;PIS14;8;etamine;3;0,061;0,64
F3;4;213;27;PIS14;8;etamine;1;0,06;0,676
F3;4;213;28;PIS14;7;etamine;5;0,068;0,609
F3;4;213;29;PIS14;7;etamine;1;0,07;0,617
F3;4;213;30;PIS14;7;etamine;2;0,059;0,694
F3;4;213;31;PIS14;7;etamine;4;0,074;0,736
F3;4;213;32;PIS14;7;etamine;3;0,074;0,56
F3;4;213;1;Rien;NA;NA;NA;0,04;NA
F3;4;213;2;Rien;NA;NA;NA;0,029;NA
F3;4;213;4;Rien;NA;NA;NA;0,036;NA
F3;4;213;8;Rien;NA;NA;NA;0,0006944;NA
F3;4;213;10;Rien;NA;NA;NA;0,017;NA
F3;4;213;11;Rien;NA;NA;NA;0,0003472;NA
F3;4;213;13;Rien;NA;NA;NA;0,0003472;NA
F3;4;213;14;Rien;NA;NA;NA;0,0006944;NA
F3;4;213;19;Rien;NA;NA;NA;0,0006944;NA
F3;4;213;21;Rien;NA;NA;NA;0,149;NA
F3;4;213;33;Rien;NA;NA;NA;0,0003472;NA
F3;5;213;1;PIS19;2;corolle;1;2,253;NA
F3;5;213;2;PIS19;3;sepale;2;0,061;NA
F3;5;213;3;PIS19;2;sepale;3;0,057;NA
F3;5;213;4;PIS19;3;sepale;1;0,058;NA
F3;5;213;5;PIS19;2;sepale;2;0,058;NA
F3;5;213;6;PIS19;2;sepale;4;0,057;NA
F3;5;213;7;PIS19;2;sepale;1;0,051;NA
F3;5;213;8;PIS19;2;sepale;5;0,047;NA
F3;5;213;9;PIS19;3;corolle;1;2,165;NA
F3;5;213;10;PIS19;3;sepale;3;0,06;NA
F3;5;213;11;PIS19;3;sepale;4;0,058;NA
F3;5;213;12;PIS19;3;sepale;5;0,06;NA
F3;5;213;17;PIS19;1;corolle;1;2,606;NA
F3;5;213;19;PIS19;1;sepale;1;0,047;NA
F3;5;213;20;PIS19;1;sepale;2;0,062;NA
F3;5;213;22;PIS19;1;sepale;3;0,062;NA
F3;5;213;24;PIS19;2;etamine;5;0,089;0,665
F3;5;213;25;PIS19;2;pistile;1;0,039;1,027
F3;5;213;26;PIS19;2;etamine;3;0,064;0,691
F3;5;213;27;PIS19;2;etamine;1;0,074;0,706
F3;5;213;28;PIS19;2;etamine;4;0,068;0,699
F3;5;213;29;PIS19;2;etamine;2;0,07;0,753
F3;5;213;33;PIS19;3;etamine;1;0,078;0,742
F3;5;213;35;PIS19;3;etamine;2;0,083;0,718
F3;5;213;36;PIS19;3;etamine;3;0,076;0,732
F3;5;213;37;PIS19;3;pistile;1;0,041;0,848
F3;5;213;38;PIS19;3;etamine;5;0,067;0,702
F3;5;213;39;PIS19;3;etamine;4;0,076;0,72
F3;5;213;40;PIS19;1;pistile;1;0,047;1,164
F3;5;213;41;PIS19;1;etamine;2;0,071;0,76
F3;5;213;42;PIS19;1;etamine;3;0,074;0,736
F3;5;213;43;PIS19;1;etamine;1;0,076;0,622
F3;5;213;44;PIS19;1;etamine;4;0,077;0,649
F3;5;213;45;PIS19;1;etamine;5;0,076;0,692
F3;5;213;48;PIS19;5;corolle;1;2,448;NA
F3;5;213;49;PIS19;5;sepale;4;0,069;NA
F3;5;213;50;PIS19;5;sepale;5;0,067;NA
F3;5;213;51;PIS19;5;sepale;3;0,058;NA
F3;5;213;52;PIS19;5;sepale;2;0,063;NA
F3;5;213;53;PIS19;5;sepale;1;0,05;NA
F3;5;213;56;PIS19;4;sepale;2;0,049;NA
F3;5;213;57;PIS19;4;sepale;1;0,073;NA
F3;5;213;58;PIS19;4;sepale;3;0,048;NA
F3;5;213;59;PIS19;4;sepale;4;0,052;NA
F3;5;213;60;PIS19;4;sepale;5;0,06;NA
F3;5;213;61;PIS19;4;corolle;1;1,765;NA
F3;5;213;63;PIS19;5;pistile;1;0,046;1,026
F3;5;213;64;PIS19;5;etamine;5;0,074;0,693
F3;5;213;65;PIS19;4;pistile;1;0,042;0,954
F3;5;213;67;PIS19;5;etamine;1;0,08;0,683
F3;5;213;68;PIS19;5;etamine;2;0,075;0,639
F3;5;213;69;PIS19;5;etamine;4;0,068;0,652
F3;5;213;70;PIS19;5;etamine;3;0,063;0,695
F3;5;213;72;PIS19;4;etamine;3;0,077;0,697
F3;5;213;73;PIS19;4;etamine;4;0,07;0,728
F3;5;213;74;PIS19;4;etamine;5;0,08;0,679
F3;5;213;75;PIS19;4;etamine;1;0,066;0,784
F3;5;213;76;PIS19;4;etamine;2;0,078;0,851
F3;5;213;13;Rien;NA;NA;NA;0,006;NA
F3;5;213;14;Rien;NA;NA;NA;0,059;NA
F3;5;213;15;Rien;NA;NA;NA;0,023;NA
F3;5;213;16;Rien;NA;NA;NA;0,024;NA
F3;5;213;18;Rien;NA;NA;NA;0,122;NA
F3;5;213;21;Rien;NA;NA;NA;0,001;NA
F3;5;213;23;Rien;NA;NA;NA;0,102;NA
F3;5;213;30;Rien;NA;NA;NA;0,007;NA
F3;5;213;31;Rien;NA;NA;NA;0,002;NA
F3;5;213;32;Rien;NA;NA;NA;0,0003472;NA
F3;5;213;34;Rien;NA;NA;NA;0,002;NA
F3;5;213;46;Rien;NA;NA;NA;0,0006944;NA
F3;5;213;47;Rien;NA;NA;NA;0,007;NA
F3;5;213;54;Rien;NA;NA;NA;0,112;NA
F3;5;213;55;Rien;NA;NA;NA;0,0006944;NA
F3;5;213;62;Rien;NA;NA;NA;0,0006944;NA
F3;5;213;66;Rien;NA;NA;NA;0,0003472;NA
F3;5;213;71;Rien;NA;NA;NA;0,0003472;NA
F3;5;213;77;Rien;NA;NA;NA;0,0003472;NA
F3;5;213;78;Rien;NA;NA;NA;0,0003472;NA
F3;5;213;79;Rien;NA;NA;NA;0,0003472;NA
F3;5;213;80;Rien;NA;NA;NA;0,001;NA
F3;5;213;81;Rien;NA;NA;NA;0,0006944;NA
F3;5;213;82;Rien;NA;NA;NA;0,003;NA
F3;5;213;83;Rien;NA;NA;NA;0,001;NA
F3;5;213;84;Rien;NA;NA;NA;0,0003472;NA
F3;5;213;85;Rien;NA;NA;NA;0,001;NA
F3;5;213;86;Rien;NA;NA;NA;0,0003472;NA
F3;5;213;87;Rien;NA;NA;NA;0,0006944;NA
F3;5;213;88;Rien;NA;NA;NA;0,0006944;NA
F3;5;213;89;Rien;NA;NA;NA;0,0003472;NA
F3;5;213;90;Rien;NA;NA;NA;0,005;NA
F3;5;213;91;Rien;NA;NA;NA;0,0003472;NA
F3;5;213;92;Rien;NA;NA;NA;0,0003472;NA
F3;5;213;93;Rien;NA;NA;NA;0,036;NA
F3;5;213;94;Rien;NA;NA;NA;0,006;NA
F3;5;213;95;Rien;NA;NA;NA;0,0003472;NA
F3;5;213;96;Rien;NA;NA;NA;0,001;NA
F3;5;213;97;Rien;NA;NA;NA;0,0003472;NA
F3;5;213;98;Rien;NA;NA;NA;0,027;NA
F3;5;213;99;Rien;NA;NA;NA;0,001;NA
F3;5;213;100;Rien;NA;NA;NA;0,0003472;NA
F3;5;213;101;Rien;NA;NA;NA;0,003;NA
F3;5;213;102;Rien;NA;NA;NA;0,003;NA
F3;5;213;103;Rien;NA;NA;NA;0,002;NA
F3;5;213;104;Rien;NA;NA;NA;0,0006944;NA
F3;5;213;105;Rien;NA;NA;NA;0,002;NA
F3;5;213;106;Rien;NA;NA;NA;0,0006944;NA
F3;5;213;107;Rien;NA;NA;NA;0,0006944;NA
F3;5;213;108;Rien;NA;NA;NA;0,002;NA
F3;5;213;109;Rien;NA;NA;NA;0,001;NA
F3;5;213;110;Rien;NA;NA;NA;0,0003472;NA
F3;5;213;111;Rien;NA;NA;NA;0,0006944;NA
F3;5;213;112;Rien;NA;NA;NA;0,001;NA
F3;5;213;113;Rien;NA;NA;NA;0,001;NA
F3;5;213;114;Rien;NA;NA;NA;0,0006944;NA
F3;6;213;3;Rien;NA;NA;NA;0,0003472;NA
F3;6;213;8;Rien;NA;NA;NA;0,114;NA
F3;6;213;14;Rien;NA;NA;NA;0,0003472;NA
F3;6;213;15;Rien;NA;NA;NA;0,0003472;NA
F3;6;213;16;Rien;NA;NA;NA;0,004;NA
F3;6;213;19;Rien;NA;NA;NA;0,0006944;NA
F3;6;213;24;Rien;NA;NA;NA;0,0006944;NA
F3;6;213;25;Rien;NA;NA;NA;0,0003472;NA
F3;6;213;32;Rien;NA;NA;NA;0,0003472;NA
F3;6;213;33;Rien;NA;NA;NA;0,001;NA
F3;6;213;34;Rien;NA;NA;NA;0,0003472;NA
F3;6;213;35;Rien;NA;NA;NA;0,009;NA
F3;6;213;1;SC2;5;sepale;3;0,059;NA
F3;6;213;2;SC2;5;sepale;5;0,08;NA
F3;6;213;4;SC2;5;sepale;2;0,055;NA
F3;6;213;5;SC2;5;sepale;1;0,058;NA
F3;6;213;6;SC2;5;sepale;4;0,054;NA
F3;6;213;7;SC2;5;corolle;1;1,898;NA
F3;6;213;9;SC2;4;sepale;3;0,061;NA
F3;6;213;10;SC2;4;corolle;1;1,721;NA
F3;6;213;11;SC2;4;sepale;1;0,055;NA
F3;6;213;12;SC2;4;sepale;2;0,039;NA
F3;6;213;13;SC2;4;sepale;4;0,056;NA
F3;6;213;17;SC2;5;etamine;1;0,062;0,696
F3;6;213;18;SC2;5;etamine;4;0,085;0,763
F3;6;213;20;SC2;5;pistile;1;0,04;1,199
F3;6;213;21;SC2;5;etamine;3;0,08;0,723
F3;6;213;22;SC2;5;etamine;2;0,076;0,756
F3;6;213;23;SC2;5;etamine;5;0,078;0,779
F3;6;213;26;SC2;4;etamine;2;0,058;0,739
F3;6;213;27;SC2;4;etamine;3;0,064;0,704
F3;6;213;28;SC2;4;etamine;4;0,072;0,74
F3;6;213;29;SC2;4;etamine;5;0,072;0,694
F3;6;213;30;SC2;4;etamine;1;0,055;0,71
F3;6;213;31;SC2;4;pistile;1;0,04;1,175
F4;7;198;1;PIS14;9;sepale;4;0,09;NA
F4;7;198;2;PIS14;9;sepale;5;0,08;NA
F4;7;198;3;PIS14;9;sepale;2;0,069;NA
F4;7;198;4;PIS14;9;sepale;3;0,073;NA
F4;7;198;5;PIS14;9;sepale;1;0,07;NA
F4;7;198;6;PIS14;9;corolle;1;2,108;NA
F4;7;198;8;PIS14;9;etamine;4;0,083;0,64
F4;7;198;9;PIS14;9;pistile;1;0,041;0,977
F4;7;198;10;PIS14;9;etamine;1;0,072;0,669
F4;7;198;11;PIS14;9;etamine;2;0,065;0,594
F4;7;198;12;PIS14;9;etamine;5;0,078;0,939
F4;7;198;14;PIS14;9;etamine;3;0,057;0,824
F4;7;198;16;PIS14;10;corolle;1;2,312;NA
F4;7;198;17;PIS14;10;sepale;1;0,077;NA
F4;7;198;18;PIS14;10;sepale;5;0,08;NA
F4;7;198;19;PIS14;10;sepale;3;0,067;NA
F4;7;198;20;PIS14;10;sepale;4;0,06;NA
F4;7;198;21;PIS14;10;sepale;2;0,075;NA
F4;7;198;22;PIS14;10;etamine;2;0,081;0,761
F4;7;198;23;PIS14;10;pistile;1;0,034;0,978
F4;7;198;24;PIS14;10;etamine;1;0,072;0,671
F4;7;198;25;PIS14;10;etamine;3;0,076;0,752
F4;7;198;26;PIS14;10;etamine;4;0,082;0,749
F4;7;198;27;PIS14;10;etamine;5;0,086;0,722
F4;7;198;29;PIS14;11;sepale;5;0,091;NA
F4;7;198;30;PIS14;11;sepale;2;0,088;NA
F4;7;198;31;PIS14;11;sepale;4;0,083;NA
F4;7;198;32;PIS14;11;sepale;1;0,086;NA
F4;7;198;33;PIS14;11;sepale;3;0,08;NA
F4;7;198;34;PIS14;11;corolle;1;1,771;NA
F4;7;198;35;PIS14;11;pistile;1;0,044;0,947
F4;7;198;37;PIS14;11;etamine;5;0,074;0,713
F4;7;198;38;PIS14;11;etamine;1;0,072;0,609
F4;7;198;39;PIS14;11;etamine;4;0,073;0,718
F4;7;198;40;PIS14;11;etamine;2;0,063;0,683
F4;7;198;41;PIS14;11;etamine;3;0,076;0,623
F4;7;198;42;PIS14;12;sepale;5;0,078;NA
F4;7;198;43;PIS14;12;sepale;2;0,079;NA
F4;7;198;44;PIS14;12;sepale;3;0,087;NA
F4;7;198;45;PIS14;12;sepale;4;0,082;NA
F4;7;198;46;PIS14;12;sepale;1;0,058;NA
F4;7;198;47;PIS14;12;corolle;1;2,134;NA
F4;7;198;48;PIS14;12;etamine;1;0,081;0,703
F4;7;198;49;PIS14;12;etamine;2;0,084;0,725
F4;7;198;50;PIS14;12;etamine;5;0,072;0,737
F4;7;198;51;PIS14;12;etamine;3;0,081;0,686
F4;7;198;52;PIS14;12;pistile;1;0,035;0,727
F4;7;198;53;PIS14;12;etamine;4;0,076;0,66
F4;7;198;7;Rien;NA;NA;NA;0,001;NA
F4;7;198;13;Rien;NA;NA;NA;0,0003461;NA
F4;7;198;15;Rien;NA;NA;NA;0,001;NA
F4;7;198;28;Rien;NA;NA;NA;0,0003461;NA
F4;7;198;36;Rien;NA;NA;NA;0,0003461;NA
F4;7;198;54;Rien;NA;NA;NA;0,0003461;NA
F4;7;198;55;Rien;NA;NA;NA;0,0003461;NA
F5;8;198;2;PIS19;6;sepale;2;0,07;NA
F5;8;198;3;PIS19;6;corolle;1;2,561;NA
F5;8;198;4;PIS19;6;sepale;1;0,085;NA
F5;8;198;5;PIS19;6;sepale;3;0,078;NA
F5;8;198;5;PIS19;6;sepale;4;0,078;NA
F5;8;198;6;PIS19;6;sepale;5;0,084;NA
F5;8;198;7;PIS19;11;sepale;3;0,079;NA
F5;8;198;8;PIS19;11;sepale;1;0,077;NA
F5;8;198;9;PIS19;11;sepale;2;0,077;NA
F5;8;198;10;PIS19;11;sepale;4;0,075;NA
F5;8;198;11;PIS19;11;sepale;5;0,071;NA
F5;8;198;12;PIS19;11;corolle;1;2,216;NA
F5;8;198;13;PIS19;6;pistile;1;0,049;0,938
F5;8;198;16;PIS19;6;etamine;5;0,097;0,73
F5;8;198;17;PIS19;11;etamine;1;0,084;0,634
F5;8;198;18;PIS19;11;etamine;2;0,092;0,721
F5;8;198;19;PIS19;11;pistile;1;0,046;0,986
F5;8;198;20;PIS19;11;etamine;4;0,081;0,698
F5;8;198;22;PIS19;6;etamine;4;0,108;0,642
F5;8;198;23;PIS19;11;etamine;3;0,089;0,74
F5;8;198;24;PIS19;11;etamine;5;0,083;0,688
F5;8;198;25;PIS19;6;etamine;2;0,092;0,702
F5;8;198;26;PIS19;6;etamine;3;0,097;0,851
F5;8;198;27;PIS19;6;etamine;1;0,093;0,799
F5;8;198;29;PIS19;7;sepale;2;0,097;NA
F5;8;198;30;PIS19;7;sepale;5;0,108;NA
F5;8;198;31;PIS19;7;sepale;3;0,072;NA
F5;8;198;32;PIS19;7;corolle;1;3,237;NA
F5;8;198;33;PIS19;7;sepale;4;0,066;NA
F5;8;198;34;PIS19;7;sepale;1;0,071;NA
F5;8;198;35;PIS19;7;etamine;4;0,095;0,647
F5;8;198;36;PIS19;7;etamine;5;0,096;0,687
F5;8;198;37;PIS19;7;pistile;1;0,05;1,001
F5;8;198;39;PIS19;7;etamine;2;0,098;0,655
F5;8;198;40;PIS19;7;etamine;3;0,079;0,821
F5;8;198;41;PIS19;7;etamine;1;0,078;0,825
F5;8;198;1;Rien;NA;NA;NA;0,0005408;NA
F5;8;198;14;Rien;NA;NA;NA;0,001;NA
F5;8;198;15;Rien;NA;NA;NA;0,001;NA
F5;8;198;21;Rien;NA;NA;NA;0,0005408;NA
F5;8;198;28;Rien;NA;NA;NA;0,0005408;NA
F5;8;198;38;Rien;NA;NA;NA;0,001;NA
F5;8;198;42;Rien;NA;NA;NA;0,002;NA
F5;9;213;3;PIS10;2;corolle;1;2,035;NA
F5;9;213;5;PIS10;2;sepale;5;0,058;NA
F5;9;213;6;PIS10;1;sepale;3;0,081;NA
F5;9;213;7;PIS10;2;sepale;4;0,069;NA
F5;9;213;8;PIS10;1;corolle;1;1,729;NA
F5;9;213;9;PIS10;2;sepale;2;0,053;NA
F5;9;213;10;PIS10;1;sepale;4;0,056;NA
F5;9;213;11;PIS10;1;sepale;5;0,079;NA
F5;9;213;12;PIS10;2;sepale;1;0,046;NA
F5;9;213;13;PIS10;1;sepale;1;0,071;NA
F5;9;213;14;PIS10;1;sepale;2;0,069;NA
F5;9;213;15;PIS10;2;sepale;3;0,059;NA
F5;9;213;17;PIS10;1;pistile;1;0,041;0,877
F5;9;213;19;PIS10;1;etamine;3;0,082;0,729
F5;9;213;20;PIS10;1;etamine;2;0,087;0,666
F5;9;213;21;PIS10;1;etamine;1;0,079;0,695
F5;9;213;22;PIS10;1;etamine;4;0,095;0,813
F5;9;213;23;PIS10;1;etamine;5;0,07;0,621
F5;9;213;24;PIS10;2;etamine;5;0,083;0,684
F5;9;213;25;PIS10;2;pistile;1;0,039;0,813
F5;9;213;26;PIS10;2;etamine;2;0,076;0,637
F5;9;213;27;PIS10;2;etamine;1;0,083;0,666
F5;9;213;28;PIS10;2;etamine;4;0,083;0,503
F5;9;213;29;PIS10;2;etamine;3;0,087;0,705
F5;9;213;31;PIS10;3;corolle;1;1,532;NA
F5;9;213;32;PIS10;3;sepale;2;0,08;NA
F5;9;213;33;PIS10;3;sepale;1;0,078;NA
F5;9;213;34;PIS10;3;sepale;4;0,066;NA
F5;9;213;35;PIS10;3;sepale;5;0,068;NA
F5;9;213;36;PIS10;3;sepale;3;0,065;NA
F5;9;213;37;PIS10;3;etamine;1;0,083;0,676
F5;9;213;38;PIS10;3;etamine;5;0,078;0,756
F5;9;213;39;PIS10;3;pistile;1;0,033;0,797
F5;9;213;40;PIS10;3;etamine;2;0,079;0,707
F5;9;213;41;PIS10;3;etamine;4;0,075;0,676
F5;9;213;42;PIS10;3;etamine;3;0,085;0,676
F5;9;213;1;Rien;NA;NA;NA;0,0005408;NA
F5;9;213;2;Rien;NA;NA;NA;0,264;NA
F5;9;213;4;Rien;NA;NA;NA;0,0005408;NA
F5;9;213;16;Rien;NA;NA;NA;0,0005408;NA
F5;9;213;18;Rien;NA;NA;NA;0,0005408;NA
F5;9;213;30;Rien;NA;NA;NA;0,0005408;NA
F7;10;220;1;PIS14;13;corolle;1;2,223;NA
F7;10;220;2;PIS14;13;sepale;3;0,096;NA
F7;10;220;3;PIS14;13;sepale;5;0,101;NA
F7;10;220;4;PIS14;13;sepale;1;0,08;NA
F7;10;220;5;PIS14;13;sepale;2;0,089;NA
F7;10;220;6;PIS14;13;sepale;4;0,096;NA
F7;10;220;8;PIS14;13;pistile;1;0,068;0,958
F7;10;220;9;PIS14;13;etamine;4;0,071;0,669
F7;10;220;10;PIS14;13;etamine;5;0,077;0,644
F7;10;220;11;PIS14;13;etamine;3;0,072;0,562
F7;10;220;12;PIS14;13;etamine;1;0,084;0,695
F7;10;220;13;PIS14;13;etamine;2;0,075;0,587
F7;10;220;16;PIS14;14;corolle;1;1,434;NA
F7;10;220;17;PIS14;14;sepale;2;0,075;NA
F7;10;220;18;PIS14;14;sepale;4;0,081;NA
F7;10;220;19;PIS14;14;sepale;1;0,064;NA
F7;10;220;20;PIS14;14;sepale;3;0,079;NA
F7;10;220;21;PIS14;14;sepale;5;0,063;NA
F7;10;220;24;PIS14;14;etamine;3;0,102;0,6
F7;10;220;25;PIS14;14;etamine;5;0,089;0,608
F7;10;220;26;PIS14;14;pistile;1;0,041;0,849
F7;10;220;27;PIS14;14;etamine;2;0,084;0,608
F7;10;220;28;PIS14;14;etamine;4;0,078;0,585
F7;10;220;29;PIS14;14;etamine;1;0,072;0,621
F7;10;220;32;PIS14;15;sepale;2;0,1;NA
F7;10;220;33;PIS14;15;sepale;3;0,098;NA
F7;10;220;34;PIS14;15;sepale;5;0,09;NA
F7;10;220;35;PIS14;15;sepale;4;0,062;NA
F7;10;220;36;PIS14;15;corolle;1;1,712;NA
F7;10;220;37;PIS14;15;sepale;1;0,083;NA
F7;10;220;41;PIS14;15;pistile;1;0,062;0,908
F7;10;220;43;PIS14;15;etamine;1;0,114;0,783
F7;10;220;44;PIS14;15;etamine;2;0,084;0,701
F7;10;220;45;PIS14;15;etamine;3;0,095;0,718
F7;10;220;46;PIS14;15;etamine;4;0,095;0,707
F7;10;220;47;PIS14;15;etamine;5;0,1;0,703
F7;10;220;7;Rien;NA;NA;NA;0,003;NA
F7;10;220;14;Rien;NA;NA;NA;0,001;NA
F7;10;220;15;Rien;NA;NA;NA;0,003;NA
F7;10;220;22;Rien;NA;NA;NA;0,0005408;NA
F7;10;220;23;Rien;NA;NA;NA;0,002;NA
F7;10;220;30;Rien;NA;NA;NA;0,0005408;NA
F7;10;220;31;Rien;NA;NA;NA;0,001;NA
F7;10;220;38;Rien;NA;NA;NA;0,003;NA
F7;10;220;39;Rien;NA;NA;NA;0,0005408;NA
F7;10;220;40;Rien;NA;NA;NA;0,0005408;NA
F7;10;220;42;Rien;NA;NA;NA;0,001;NA
F7;10;220;48;Rien;NA;NA;NA;0,001;NA
F7;11;220;1;PIS10;6;corolle;1;1,264;NA
F7;11;220;2;PIS10;6;sepale;1;0,072;NA
F7;11;220;3;PIS10;6;sepale;2;0,067;NA
F7;11;220;4;PIS10;6;sepale;3;0,091;NA
F7;11;220;5;PIS10;6;sepale;5;0,075;NA
F7;11;220;6;PIS10;6;sepale;4;0,071;NA
F7;11;220;9;PIS10;6;pistile;1;0,048;0,953
F7;11;220;10;PIS10;6;etamine;1;0,083;0,612
F7;11;220;11;PIS10;6;etamine;2;0,076;0,627
F7;11;220;12;PIS10;6;etamine;3;0,096;0,684
F7;11;220;13;PIS10;6;etamine;4;0,086;0,634
F7;11;220;14;PIS10;6;etamine;5;0,077;0,724
F7;11;220;15;PIS10;7;corolle;1;1,506;NA
F7;11;220;16;PIS10;7;sepale;1;0,072;NA
F7;11;220;17;PIS10;7;sepale;3;0,094;NA
F7;11;220;18;PIS10;7;sepale;4;0,099;NA
F7;11;220;19;PIS10;7;sepale;2;0,081;NA
F7;11;220;20;PIS10;7;sepale;1;0,09;NA
F7;11;220;22;PIS10;7;pistile;1;0,051;1,06
F7;11;220;23;PIS10;7;etamine;1;0,105;0,745
F7;11;220;24;PIS10;7;etamine;2;0,096;0,705
F7;11;220;25;PIS10;7;etamine;3;0,097;0,581
F7;11;220;26;PIS10;7;etamine;4;0,097;0,682
F7;11;220;27;PIS10;7;etamine;5;0,102;0,724
F7;11;220;7;Rien;NA;NA;NA;0,0005408;NA
F7;11;220;8;Rien;NA;NA;NA;0,0005408;NA
F7;11;220;21;Rien;NA;NA;NA;0,0005408;NA
F7;11;220;28;Rien;NA;NA;NA;0,001;NA
F7;11;220;36;Rien;NA;NA;NA;0,0005408;NA
F7;11;220;37;Rien;NA;NA;NA;0,004;NA
F7;11;220;43;Rien;NA;NA;NA;0,001;NA
F7;11;220;29;SC2;6;corolle;1;1,038;NA
F7;11;220;30;SC2;6;pistile;1;0,044;0,844
F7;11;220;31;SC2;6;sepale;1;0,057;NA
F7;11;220;32;SC2;6;sepale;2;0,076;NA
F7;11;220;33;SC2;6;sepale;4;0,066;NA
F7;11;220;34;SC2;6;sepale;3;0,06;NA
F7;11;220;35;SC2;6;sepale;5;0,061;NA
F7;11;220;38;SC2;6;etamine;3;0,073;0,61
F7;11;220;39;SC2;6;etamine;4;0,098;0,623
F7;11;220;40;SC2;6;etamine;5;0,08;0,724
F7;11;220;41;SC2;6;etamine;1;0,088;0,784
F7;11;220;42;SC2;6;etamine;2;0,071;0,754
F8;12;220;2;PIS10;8;sepale;1;0,097;NA
F8;12;220;3;PIS10;8;corolle;1;1,333;NA
F8;12;220;4;PIS10;8;sepale;2;0,072;NA
F8;12;220;5;PIS10;8;sepale;4;0,058;NA
F8;12;220;6;PIS10;8;sepale;3;0,075;NA
F8;12;220;7;PIS10;8;sepale;5;0,054;NA
F8;12;220;9;PIS10;8;etamine;3;0,08;0,645
F8;12;220;10;PIS10;8;pistile;1;0,035;0,766
F8;12;220;11;PIS10;8;etamine;4;0,08;0,594
F8;12;220;12;PIS10;8;etamine;5;0,078;0,64
F8;12;220;13;PIS10;8;etamine;1;0,088;0,641
F8;12;220;14;PIS10;8;etamine;2;0,081;0,594
F8;12;220;16;PIS10;9;sepale;2;0,075;NA
F8;12;220;17;PIS10;9;sepale;4;0,08;NA
F8;12;220;18;PIS10;9;sepale;3;0,084;NA
F8;12;220;19;PIS10;9;sepale;5;0,076;NA
F8;12;220;21;PIS10;9;corolle;1;2,016;NA
F8;12;220;22;PIS10;9;sepale;1;0,079;NA
F8;12;220;23;PIS10;9;pistile;1;0,04;0,718
F8;12;220;24;PIS10;9;etamine;5;0,088;0,683
F8;12;220;25;PIS10;9;etamine;4;0,091;0,679
F8;12;220;26;PIS10;9;etamine;1;0,065;0,666
F8;12;220;27;PIS10;9;etamine;3;0,101;0,744
F8;12;220;28;PIS10;9;etamine;2;0,083;0,594
F8;12;220;29;PIS10;10;corolle;1;1,423;NA
F8;12;220;30;PIS10;10;sepale;5;0,054;NA
F8;12;220;31;PIS10;10;sepale;3;0,066;NA
F8;12;220;32;PIS10;10;sepale;4;0,056;NA
F8;12;220;33;PIS10;10;sepale;2;0,061;NA
F8;12;220;35;PIS10;10;sepale;1;0,063;NA
F8;12;220;37;PIS10;10;pistile;1;0,037;0,8
F8;12;220;38;PIS10;10;etamine;5;0,076;0,617
F8;12;220;39;PIS10;10;etamine;3;0,082;0,632
F8;12;220;40;PIS10;10;etamine;4;0,075;0,571
F8;12;220;42;PIS10;10;etamine;2;0,072;0,647
F8;12;220;43;PIS10;10;etamine;1;0,064;0,557
F8;12;220;1;Rien;NA;NA;NA;0,0005377;NA
F8;12;220;8;Rien;NA;NA;NA;0,001;NA
F8;12;220;15;Rien;NA;NA;NA;0,001;NA
F8;12;220;20;Rien;NA;NA;NA;0,003;NA
F8;12;220;34;Rien;NA;NA;NA;0,009;NA
F8;12;220;36;Rien;NA;NA;NA;0,0005377;NA
F8;12;220;41;Rien;NA;NA;NA;0,0005377;NA
F8;12;220;44;Rien;NA;NA;NA;0,0005377;NA
F8;12;220;45;Rien;NA;NA;NA;0,001;NA
F8;13;225;6;Rien;NA;NA;NA;0,0005377;NA
F8;13;225;8;Rien;NA;NA;NA;0,003;NA
F8;13;225;9;Rien;NA;NA;NA;0,0005377;NA
F8;13;225;10;Rien;NA;NA;NA;0,001;NA
F8;13;225;12;Rien;NA;NA;NA;0,0005377;NA
F8;13;225;20;Rien;NA;NA;NA;0,033;NA
F8;13;225;24;Rien;NA;NA;NA;0,005;NA
F8;13;225;25;Rien;NA;NA;NA;0,0005377;NA
F8;13;225;26;Rien;NA;NA;NA;0,001;NA
F8;13;225;32;Rien;NA;NA;NA;0,0005377;NA
F8;13;225;34;Rien;NA;NA;NA;0,002;NA
F8;13;225;1;SC2;7;corolle;1;1,733;NA
F8;13;225;2;SC2;7;sepale;2;0,089;NA
F8;13;225;3;SC2;7;sepale;4;0,08;NA
F8;13;225;4;SC2;7;sepale;3;0,08;NA
F8;13;225;5;SC2;7;sepale;1;0,081;NA
F8;13;225;7;SC2;7;sepale;5;0,076;NA
F8;13;225;11;SC2;7;etamine;3;0,103;0,687
F8;13;225;13;SC2;7;pistile;1;0,054;0,998
F8;13;225;14;SC2;7;etamine;2;0,096;0,701
F8;13;225;15;SC2;7;etamine;5;0,098;0,706
F8;13;225;16;SC2;7;etamine;4;0,099;0,613
F8;13;225;17;SC2;7;etamine;1;0,094;0,751
F8;13;225;18;SC2;8;sepale;5;0,082;NA
F8;13;225;19;SC2;8;corolle;1;1,57;NA
F8;13;225;21;SC2;8;sepale;3;0,076;NA
F8;13;225;22;SC2;8;sepale;1;0,076;NA
F8;13;225;23;SC2;8;sepale;2;0,071;NA
F8;13;225;27;SC2;8;etamine;1;0,108;0,716
F8;13;225;28;SC2;8;etamine;3;0,097;0,728
F8;13;225;29;SC2;8;etamine;4;0,101;0,748
F8;13;225;30;SC2;8;etamine;5;0,099;0,779
F8;13;225;31;SC2;8;pistile;1;0,044;0,979
F8;13;225;33;SC2;8;etamine;2;0,1;0,701
F8;14;220;1;PIS36;5;sepale;4;0,063;NA
F8;14;220;2;PIS36;5;sepale;3;0,06;NA
F8;14;220;3;PIS36;5;sepale;5;0,065;NA
F8;14;220;4;PIS36;5;corolle;1;1,16;NA
F8;14;220;5;PIS36;5;sepale;2;0,058;NA
F8;14;220;6;PIS36;5;sepale;1;0,079;NA
F8;14;220;9;PIS36;5;pistile;1;0,043;0,842
F8;14;220;10;PIS36;5;etamine;1;0,071;0,59
F8;14;220;11;PIS36;5;etamine;3;0,073;0,587
F8;14;220;12;PIS36;5;etamine;4;0,07;0,549
F8;14;220;13;PIS36;5;etamine;5;0,069;0,568
F8;14;220;14;PIS36;5;etamine;2;0,072;0,632
F8;14;220;15;PIS36;6;corolle;1;1,217;NA
F8;14;220;16;PIS36;6;sepale;1;0,07;NA
F8;14;220;17;PIS36;6;sepale;3;0,056;NA
F8;14;220;18;PIS36;6;sepale;4;0,062;NA
F8;14;220;19;PIS36;6;sepale;5;0,074;NA
F8;14;220;20;PIS36;6;sepale;2;0,079;NA
F8;14;220;21;PIS36;6;pistile;1;0,038;0,813
F8;14;220;22;PIS36;6;etamine;3;0,083;0,632
F8;14;220;23;PIS36;6;etamine;5;0,079;0,668
F8;14;220;24;PIS36;6;etamine;2;0,086;0,678
F8;14;220;25;PIS36;6;etamine;4;0,08;0,645
F8;14;220;26;PIS36;6;etamine;1;0,076;0,637
F8;14;220;28;PIS36;7;sepale;3;0,065;NA
F8;14;220;29;PIS36;7;sepale;4;0,065;NA
F8;14;220;30;PIS36;7;sepale;5;0,083;NA
F8;14;220;31;PIS36;7;corolle;1;1,071;NA
F8;14;220;32;PIS36;7;sepale;1;0,053;NA
F8;14;220;33;PIS36;7;sepale;2;0,056;NA
F8;14;220;35;PIS36;7;pistile;1;0,037;0,733
F8;14;220;36;PIS36;7;etamine;1;0,081;0,594
F8;14;220;37;PIS36;7;etamine;3;0,077;0,549
F8;14;220;38;PIS36;7;etamine;5;0,081;0,66
F8;14;220;39;PIS36;7;etamine;4;0,085;0,54
F8;14;220;40;PIS36;7;etamine;2;0,079;0,613
F8;14;220;42;PIS36;8;corolle;1;1,187;NA
F8;14;220;44;PIS36;8;sepale;5;0,059;NA
F8;14;220;45;PIS36;8;sepale;4;0,075;NA
F8;14;220;46;PIS36;8;sepale;3;0,07;NA
F8;14;220;47;PIS36;8;sepale;1;0,06;NA
F8;14;220;48;PIS36;8;sepale;2;0,072;NA
F8;14;220;55;PIS36;8;etamine;1;0,087;0,641
F8;14;220;56;PIS36;8;pistile;1;0,034;0,794
F8;14;220;57;PIS36;8;etamine;2;0,074;0,599
F8;14;220;58;PIS36;8;etamine;5;0,082;0,609
F8;14;220;59;PIS36;8;etamine;3;0,084;0,617
F8;14;220;60;PIS36;8;etamine;4;0,083;0,609
F8;14;220;7;Rien;NA;NA;NA;0,0005377;NA
F8;14;220;8;Rien;NA;NA;NA;0,0005377;NA
F8;14;220;27;Rien;NA;NA;NA;0,0005377;NA
F8;14;220;34;Rien;NA;NA;NA;0,0005377;NA
F8;14;220;41;Rien;NA;NA;NA;0,0005377;NA
F8;14;220;43;Rien;NA;NA;NA;0,0005377;NA
F8;14;220;49;Rien;NA;NA;NA;0,0005377;NA
F8;14;220;50;Rien;NA;NA;NA;0,001;NA
F8;14;220;51;Rien;NA;NA;NA;0,0005377;NA
F8;14;220;52;Rien;NA;NA;NA;0,0005377;NA
F8;14;220;53;Rien;NA;NA;NA;0,003;NA
F8;14;220;54;Rien;NA;NA;NA;0,002;NA
F8;14;220;61;Rien;NA;NA;NA;0,0005377;NA
F8;14;220;62;Rien;NA;NA;NA;0,0005377;NA
F8;14;220;63;Rien;NA;NA;NA;0,0005377;NA
F8;14;220;64;Rien;NA;NA;NA;0,0005377;NA
F9;15;230;43;PIS36;9;sepale;4;0,076;NA
F9;15;230;44;PIS36;9;sepale;5;0,066;NA
F9;15;230;45;PIS36;9;sepale;2;0,057;NA
F9;15;230;46;PIS36;9;corolle;1;1,181;NA
F9;15;230;47;PIS36;9;sepale;3;0,082;NA
F9;15;230;48;PIS36;9;sepale;1;0,056;NA
F9;15;230;52;PIS36;9;etamine;4;0,08;0,59
F9;15;230;53;PIS36;9;etamine;3;0,078;0,532
F9;15;230;54;PIS36;9;etamine;1;0,08;0,567
F9;15;230;56;PIS36;9;etamine;5;0,08;0,521
F9;15;230;57;PIS36;9;pistile;1;0,04;0,83
F9;15;230;58;PIS36;9;etamine;2;0,095;0,668
F9;15;230;2;Rien;NA;NA;NA;0,0005285;NA
F9;15;230;8;Rien;NA;NA;NA;0,002;NA
F9;15;230;9;Rien;NA;NA;NA;0,001;NA
F9;15;230;10;Rien;NA;NA;NA;0,0005285;NA
F9;15;230;11;Rien;NA;NA;NA;0,0005285;NA
F9;15;230;12;Rien;NA;NA;NA;0,0005285;NA
F9;15;230;13;Rien;NA;NA;NA;0,0005285;NA
F9;15;230;14;Rien;NA;NA;NA;0,001;NA
F9;15;230;21;Rien;NA;NA;NA;0,0005285;NA
F9;15;230;22;Rien;NA;NA;NA;0,001;NA
F9;15;230;23;Rien;NA;NA;NA;0,002;NA
F9;15;230;30;Rien;NA;NA;NA;0,001;NA
F9;15;230;31;Rien;NA;NA;NA;0,003;NA
F9;15;230;38;Rien;NA;NA;NA;0,0005285;NA
F9;15;230;39;Rien;NA;NA;NA;0,002;NA
F9;15;230;40;Rien;NA;NA;NA;0,0005285;NA
F9;15;230;41;Rien;NA;NA;NA;0,0005285;NA
F9;15;230;42;Rien;NA;NA;NA;0,0005285;NA
F9;15;230;49;Rien;NA;NA;NA;0,001;NA
F9;15;230;50;Rien;NA;NA;NA;0,006;NA
F9;15;230;51;Rien;NA;NA;NA;0,001;NA
F9;15;230;55;Rien;NA;NA;NA;0,001;NA
F9;15;230;59;Rien;NA;NA;NA;0,001;NA
F9;15;230;60;Rien;NA;NA;NA;0,001;NA
F9;15;230;1;SC2;9;corolle;1;1,603;NA
F9;15;230;3;SC2;9;sepale;5;0,079;NA
F9;15;230;4;SC2;9;sepale;1;0,066;NA
F9;15;230;5;SC2;9;sepale;3;0,083;NA
F9;15;230;6;SC2;9;sepale;4;0,077;NA
F9;15;230;7;SC2;9;sepale;3;0,072;NA
F9;15;230;15;SC2;9;pistile;1;0,053;0,871
F9;15;230;16;SC2;9;etamine;2;0,089;0,725
F9;15;230;17;SC2;9;etamine;3;0,116;0,706
F9;15;230;18;SC2;9;etamine;5;0,1;0,576
F9;15;230;19;SC2;9;etamine;1;0,116;0,651
F9;15;230;20;SC2;9;etamine;4;0,098;0,58
F9;15;230;24;SC2;10;sepale;1;0,061;NA
F9;15;230;25;SC2;10;sepale;5;0,101;NA
F9;15;230;26;SC2;10;sepale;2;0,073;NA
F9;15;230;27;SC2;10;corolle;1;1,256;NA
F9;15;230;28;SC2;10;sepale;3;0,06;NA
F9;15;230;29;SC2;10;sepale;1;0,071;NA
F9;15;230;32;SC2;10;pistile;1;0,051;0,821
F9;15;230;33;SC2;10;etamine;5;0,086;0,58
F9;15;230;34;SC2;10;etamine;3;0,105;0,645
F9;15;230;35;SC2;10;etamine;4;0,101;0,691
F9;15;230;36;SC2;10;etamine;1;0,09;0,599
F9;15;230;37;SC2;10;etamine;2;0,098;0,678
F6;16;213;1;PIS36;1;corolle;1;1,721;NA
F6;16;213;2;PIS36;1;sepale;5;0,055;NA
F6;16;213;4;PIS36;1;sepale;3;0,065;NA
F6;16;213;5;PIS36;1;sepale;4;0,058;NA
F6;16;213;6;PIS36;1;sepale;2;0,066;NA
F6;16;213;7;PIS36;1;sepale;1;0,065;NA
F6;16;213;10;PIS36;1;pistile;1;0,035;0,829
F6;16;213;11;PIS36;1;etamine;4;0,066;0,643
F6;16;213;12;PIS36;1;etamine;3;0,08;0,65
F6;16;213;13;PIS36;1;etamine;2;0,076;0,698
F6;16;213;14;PIS36;1;etamine;5;0,072;0,606
F6;16;213;15;PIS36;1;etamine;1;0,08;0,539
F6;16;213;18;PIS36;2;corolle;1;1,969;NA
F6;16;213;19;PIS36;2;sepale;1;0,084;NA
F6;16;213;20;PIS36;2;sepale;2;0,07;NA
F6;16;213;21;PIS36;2;sepale;3;0,069;NA
F6;16;213;22;PIS36;2;sepale;5;0,062;NA
F6;16;213;23;PIS36;2;sepale;4;0,064;NA
F6;16;213;26;PIS36;2;pistile;2;0,035;0,879
F6;16;213;27;PIS36;2;etamine;5;0,09;0,633
F6;16;213;28;PIS36;2;etamine;1;0,087;0,795
F6;16;213;29;PIS36;2;etamine;2;0,082;0,683
F6;16;213;30;PIS36;2;etamine;3;0,097;0,61
F6;16;213;31;PIS36;2;etamine;4;0,072;0,662
F6;16;213;33;PIS36;3;corolle;1;1,426;NA
F6;16;213;34;PIS36;3;sepale;5;0,065;NA
F6;16;213;35;PIS36;3;sepale;4;0,076;NA
F6;16;213;36;PIS36;3;sepale;1;0,068;NA
F6;16;213;37;PIS36;3;sepale;2;0,07;NA
F6;16;213;38;PIS36;3;sepale;3;0,064;NA
F6;16;213;40;PIS36;3;pistile;1;0,03;0,67
F6;16;213;41;PIS36;3;etamine;5;0,073;0,601
F6;16;213;42;PIS36;3;etamine;2;0,081;0,538
F6;16;213;43;PIS36;3;etamine;3;0,077;0,599
F6;16;213;44;PIS36;3;etamine;1;0,081;0,61
F6;16;213;45;PIS36;3;etamine;4;0,081;0,647
F6;16;213;47;PIS36;4;sepale;1;0,068;NA
F6;16;213;48;PIS36;4;sepale;2;0,068;NA
F6;16;213;49;PIS36;4;sepale;3;0,071;NA
F6;16;213;50;PIS36;4;sepale;5;0,056;NA
F6;16;213;51;PIS36;4;sepale;4;0,053;NA
F6;16;213;52;PIS36;4;corolle;1;1,589;NA
F6;16;213;53;PIS36;4;etamine;3;0,078;0,787
F6;16;213;54;PIS36;4;etamine;2;0,086;0,759
F6;16;213;55;PIS36;4;etamine;5;0,077;0,648
F6;16;213;56;PIS36;4;etamine;4;0,074;0,671
F6;16;213;57;PIS36;4;etamine;1;0,077;0,616
F6;16;213;58;PIS36;4;pistile;1;0,03;0,827
F6;16;213;3;Rien;NA;NA;NA;0,0005165;NA
F6;16;213;8;Rien;NA;NA;NA;0,002;NA
F6;16;213;9;Rien;NA;NA;NA;0,0005165;NA
F6;16;213;16;Rien;NA;NA;NA;0,002;NA
F6;16;213;17;Rien;NA;NA;NA;0,0005165;NA
F6;16;213;24;Rien;NA;NA;NA;0,0005165;NA
F6;16;213;25;Rien;NA;NA;NA;0,001;NA
F6;16;213;32;Rien;NA;NA;NA;0,0005165;NA
F6;16;213;39;Rien;NA;NA;NA;0,0005165;NA
F6;16;213;46;Rien;NA;NA;NA;0,001;NA
F6;17;200;1;PIS19;9;corolle;1;2,713;NA
F6;17;200;2;PIS19;9;sepale;2;0,068;NA
F6;17;200;3;PIS19;9;sepale;1;0,07;NA
F6;17;200;4;PIS19;9;sepale;4;0,076;NA
F6;17;200;5;PIS19;9;sepale;3;0,074;NA
F6;17;200;6;PIS19;9;sepale;5;0,068;NA
F6;17;200;7;PIS19;9;pistile;1;0,052;1,064
F6;17;200;8;PIS19;9;etamine;3;0,088;0,727
F6;17;200;9;PIS19;9;etamine;2;0,097;0,721
F6;17;200;10;PIS19;9;etamine;1;0,097;0,725
F6;17;200;11;PIS19;9;etamine;4;0,093;0,748
F6;17;200;12;PIS19;9;etamine;5;0,089;0,749
F6;17;200;14;PIS19;10;corolle;1;2,607;NA
F6;17;200;15;PIS19;10;sepale;5;0,069;NA
F6;17;200;16;PIS19;10;sepale;4;0,059;NA
F6;17;200;17;PIS19;10;sepale;3;0,071;NA
F6;17;200;18;PIS19;10;sepale;1;0,077;NA
F6;17;200;19;PIS19;10;sepale;2;0,072;NA
F6;17;200;20;PIS19;10;pistile;1;0,051;1,086
F6;17;200;21;PIS19;10;etamine;4;0,093;0,759
F6;17;200;22;PIS19;10;etamine;5;0,099;0,696
F6;17;200;23;PIS19;10;etamine;3;0,101;0,772
F6;17;200;24;PIS19;10;etamine;3;0,101;0,738
F6;17;200;25;PIS19;10;etamine;1;0,101;0,799
F6;17;200;13;Rien;NA;NA;NA;0,0005165;NA
F6;17;200;26;Rien;NA;NA;NA;0,003;NA
F6;18;196;1;PIS10;4;sepale;3;0,057;NA
F6;18;196;2;PIS10;4;sepale;4;0,066;NA
F6;18;196;3;PIS10;4;sepale;2;0,063;NA
F6;18;196;4;PIS10;4;sepale;5;0,055;NA
F6;18;196;5;PIS10;4;sepale;1;0,052;NA
F6;18;196;6;PIS10;4;corolle;1;1,732;NA
F6;18;196;9;PIS10;4;pistile;1;0,032;0,857
F6;18;196;10;PIS10;4;etamine;3;0,073;0,663
F6;18;196;11;PIS10;4;etamine;2;0,061;0,633
F6;18;196;12;PIS10;4;etamine;4;0,068;0,652
F6;18;196;13;PIS10;4;etamine;1;0,075;0,616
F6;18;196;14;PIS10;4;etamine;5;0,069;0,64
F6;18;196;16;PIS10;5;corolle;1;1,899;NA
F6;18;196;17;PIS10;5;sepale;4;0,076;NA
F6;18;196;18;PIS10;5;sepale;2;0,064;NA
F6;18;196;19;PIS10;5;sepale;3;0,074;NA
F6;18;196;20;PIS10;5;sepale;5;0,069;NA
F6;18;196;21;PIS10;5;sepale;1;0,058;NA
F6;18;196;22;PIS10;5;etamine;5;0,078;0,771
F6;18;196;23;PIS10;5;etamine;4;0,086;0,708
F6;18;196;24;PIS10;5;etamine;1;0,099;0,711
F6;18;196;25;PIS10;5;pistile;1;0,036;0,828
F6;18;196;26;PIS10;5;etamine;3;0,091;0,658
F6;18;196;27;PIS10;5;etamine;2;0,08;0,745
F6;18;196;7;Rien;NA;NA;NA;0,002;NA
F6;18;196;8;Rien;NA;NA;NA;0,008;NA
F6;18;196;15;Rien;NA;NA;NA;0,001;NA
F10;19;213;1;PIS31;1;corolle;1;1,895;NA
F10;19;213;2;PIS31;1;sepale;1;0,042;NA
F10;19;213;3;PIS31;1;sepale;3;0,055;NA
F10;19;213;4;PIS31;1;sepale;2;0,045;NA
F10;19;213;5;PIS31;1;sepale;4;0,04;NA
F10;19;213;6;PIS31;1;sepale;5;0,043;NA
F10;19;213;9;PIS31;1;etamine;1;0,078;0,724
F10;19;213;10;PIS31;1;pistile;1;0,043;0,994
F10;19;213;11;PIS31;1;etamine;5;0,083;0,651
F10;19;213;12;PIS31;1;etamine;2;0,079;0,605
F10;19;213;13;PIS31;1;etamine;3;0,072;0,577
F10;19;213;14;PIS31;1;etamine;4;0,08;0,56
F10;19;213;16;PIS31;2;sepale;1;0,044;NA
F10;19;213;17;PIS31;2;sepale;2;0,055;NA
F10;19;213;18;PIS31;2;sepale;5;0,046;NA
F10;19;213;19;PIS31;2;sepale;4;0,045;NA
F10;19;213;20;PIS31;2;sepale;3;0,057;NA
F10;19;213;21;PIS31;2;corolle;1;1,577;NA
F10;19;213;24;PIS31;2;etamine;1;0,086;0,6
F10;19;213;25;PIS31;2;pistile;1;0,061;0,924
F10;19;213;26;PIS31;2;etamine;2;0,087;0,664
F10;19;213;27;PIS31;2;etamine;3;0,085;0,564
F10;19;213;29;PIS31;2;etamine;4;0,085;0,657
F10;19;213;30;PIS31;2;etamine;5;0,085;0,583
F10;19;213;32;PIS31;3;corolle;1;2,023;NA
F10;19;213;33;PIS31;3;sepale;5;0,055;NA
F10;19;213;34;PIS31;3;sepale;4;0,071;NA
F10;19;213;35;PIS31;3;sepale;2;0,049;NA
F10;19;213;36;PIS31;3;sepale;3;0,051;NA
F10;19;213;37;PIS31;3;sepale;1;0,039;NA
F10;19;213;40;PIS31;3;pistile;1;0,044;0,885
F10;19;213;41;PIS31;3;etamine;1;0,079;0,619
F10;19;213;42;PIS31;3;etamine;4;0,078;0,59
F10;19;213;43;PIS31;3;etamine;2;0,08;0,531
F10;19;213;44;PIS31;3;etamine;3;0,082;0,518
F10;19;213;45;PIS31;3;etamine;5;0,077;0,632
F10;19;213;46;PIS31;4;corolle;1;1,823;NA
F10;19;213;48;PIS31;4;sepale;5;0,041;NA
F10;19;213;49;PIS31;4;sepale;1;0,046;NA
F10;19;213;50;PIS31;4;sepale;3;0,056;NA
F10;19;213;51;PIS31;4;sepale;4;0,034;NA
F10;19;213;52;PIS31;4;sepale;2;0,044;NA
F10;19;213;54;PIS31;4;pistile;1;0,046;0,999
F10;19;213;55;PIS31;4;etamine;1;0,077;0,638
F10;19;213;56;PIS31;4;etamine;2;0,079;0,577
F10;19;213;57;PIS31;4;etamine;4;0,08;0,583
F10;19;213;58;PIS31;4;etamine;5;0,064;0,586
F10;19;213;59;PIS31;4;etamine;3;0,071;0,569
F10;19;213;7;Rien;NA;NA;NA;5,47E-04;NA
F10;19;213;8;Rien;NA;NA;NA;0,007;NA
F10;19;213;15;Rien;NA;NA;NA;5,47E-04;NA
F10;19;213;22;Rien;NA;NA;NA;5,47E-04;NA
F10;19;213;23;Rien;NA;NA;NA;5,47E-04;NA
F10;19;213;28;Rien;NA;NA;NA;5,47E-04;NA
F10;19;213;31;Rien;NA;NA;NA;5,47E-04;NA
F10;19;213;38;Rien;NA;NA;NA;5,47E-04;NA
F10;19;213;39;Rien;NA;NA;NA;0,001;NA
F10;19;213;47;Rien;NA;NA;NA;0,001;NA
F10;19;213;53;Rien;NA;NA;NA;5,47E-04;NA
F10;20;198;1;PIS36;10;corolle;1;1,293;NA
F10;20;198;2;PIS36;10;sepale;5;0,06;NA
F10;20;198;3;PIS36;10;sepale;3;0,055;NA
F10;20;198;4;PIS36;10;sepale;2;0,067;NA
F10;20;198;5;PIS36;10;sepale;4;0,057;NA
F10;20;198;6;PIS36;10;sepale;1;0,055;NA
F10;20;198;7;PIS36;10;etamine;3;0,073;0,674
F10;20;198;8;PIS36;10;etamine;4;0,072;0,6
F10;20;198;9;PIS36;10;etamine;5;0,074;0,564
F10;20;198;10;PIS36;10;pistile;1;0,038;0,86
F10;20;198;11;PIS36;10;etamine;1;0,084;0,754
F10;20;198;12;PIS36;10;etamine;2;0,082;0,651
F10;21;207;1;PIS40;3;corolle;1;1,223;NA
F10;21;207;2;PIS40;3;sepale;1;0,061;NA
F10;21;207;3;PIS40;3;sepale;4;0,074;NA
F10;21;207;4;PIS40;3;sepale;2;0,063;NA
F10;21;207;5;PIS40;3;sepale;3;0,066;NA
F10;21;207;6;PIS40;3;sepale;5;0,068;NA
F10;21;207;7;PIS40;3;etamine;3;0,069;0,596
F10;21;207;8;PIS40;3;pistile;1;0,04;0,985
F10;21;207;9;PIS40;3;etamine;1;0,075;0,594
F10;21;207;10;PIS40;3;etamine;2;0,079;0,586
F10;21;207;11;PIS40;3;etamine;5;0,08;0,735
F10;21;207;12;PIS40;3;etamine;4;0,081;0,803
F10;21;207;13;PIS40;4;corolle;1;1,432;NA
F10;21;207;14;PIS40;4;sepale;1;0,058;NA
F10;21;207;15;PIS40;4;sepale;3;0,084;NA
F10;21;207;17;PIS40;4;sepale;4;0,06;NA
F10;21;207;18;PIS40;4;sepale;2;0,037;NA
F10;21;207;19;PIS40;4;sepale;5;0,065;NA
F10;21;207;22;PIS40;4;pistile;1;0,036;0,827
F10;21;207;23;PIS40;4;etamine;1;0,074;0,6
F10;21;207;24;PIS40;4;etamine;3;0,083;0,67
F10;21;207;25;PIS40;4;etamine;4;0,091;0,754
F10;21;207;26;PIS40;4;etamine;2;0,078;0,899
F10;21;207;27;PIS40;4;etamine;5;0,078;0,552
F10;21;207;28;PIS40;5;corolle;1;1,364;NA
F10;21;207;29;PIS40;5;sepale;1;0,068;NA
F10;21;207;30;PIS40;5;sepale;3;0,086;NA
F10;21;207;31;PIS40;5;sepale;2;0,06;NA
F10;21;207;32;PIS40;5;sepale;5;0,068;NA
F10;21;207;33;PIS40;5;sepale;4;0,059;NA
F10;21;207;34;PIS40;5;etamine;1;0,074;0,609
F10;21;207;35;PIS40;5;pistile;1;0,029;0,726
F10;21;207;36;PIS40;5;etamine;3;0,072;0,638
F10;21;207;37;PIS40;5;etamine;4;0,073;0,687
F10;21;207;38;PIS40;5;etamine;2;0,066;0,683
F10;21;207;39;PIS40;5;etamine;5;0,081;0,708
F10;21;207;16;Rien;NA;NA;NA;5,47E-04;NA
F10;21;207;20;Rien;NA;NA;NA;0,002;NA
F10;21;207;21;Rien;NA;NA;NA;0,004;NA
F10;21;207;40;Rien;NA;NA;NA;5,47E-04;NA
F11;22;210;1;PIS31;5;corolle;1;1,112;NA
F11;22;210;2;PIS31;5;sepale;5;0,045;NA
F11;22;210;3;PIS31;5;sepale;3;0,057;NA
F11;22;210;4;PIS31;5;sepale;2;0,063;NA
F11;22;210;5;PIS31;5;sepale;1;0,031;NA
F11;22;210;7;PIS31;5;sepale;4;0,049;NA
F11;22;210;12;PIS31;5;pistile;1;0,052;1,194
F11;22;210;13;PIS31;5;etamine;1;0,071;0,59
F11;22;210;14;PIS31;5;etamine;2;0,084;0,66
F11;22;210;15;PIS31;5;etamine;3;0,084;0,65
F11;22;210;16;PIS31;5;etamine;5;0,085;0,66
F11;22;210;18;PIS31;5;etamine;4;0,082;0,72
F11;22;210;20;PIS31;6;corolle;1;1,345;NA
F11;22;210;21;PIS31;6;sepale;2;0,047;NA
F11;22;210;22;PIS31;6;sepale;4;0,041;NA
F11;22;210;23;PIS31;6;sepale;3;0,04;NA
F11;22;210;24;PIS31;6;sepale;1;0,039;NA
F11;22;210;25;PIS31;6;sepale;5;0,029;NA
F11;22;210;26;PIS31;6;etamine;4;0,076;0,552
F11;22;210;27;PIS31;6;etamine;5;0,075;0,683
F11;22;210;28;PIS31;6;pistile;1;0,042;0,845
F11;22;210;29;PIS31;6;etamine;2;0,086;0,595
F11;22;210;30;PIS31;6;etamine;1;0,08;0,683
F11;22;210;31;PIS31;6;etamine;3;0,077;0,552
F11;22;210;32;PIS31;7;corolle;1;1,096;NA
F11;22;210;33;PIS31;7;sepale;2;0,037;NA
F11;22;210;34;PIS31;7;sepale;1;0,047;NA
F11;22;210;35;PIS31;7;sepale;3;0,05;NA
F11;22;210;36;PIS31;7;sepale;4;0,067;NA
F11;22;210;37;PIS31;7;sepale;5;0,051;NA
F11;22;210;39;PIS31;7;pistile;1;0,039;0,831
F11;22;210;40;PIS31;7;etamine;2;0,07;0,701
F11;22;210;41;PIS31;7;etamine;1;0,071;0,692
F11;22;210;42;PIS31;7;etamine;4;0,079;0,673
F11;22;210;43;PIS31;7;etamine;3;0,083;0,617
F11;22;210;44;PIS31;7;etamine;5;0,076;0,613
F11;22;210;45;PIS31;8;corolle;1;1,23;NA
F11;22;210;46;PIS31;8;sepale;4;0,049;NA
F11;22;210;47;PIS31;8;sepale;3;0,05;NA
F11;22;210;48;PIS31;8;sepale;2;0,029;NA
F11;22;210;49;PIS31;8;sepale;1;0,039;NA
F11;22;210;50;PIS31;8;sepale;5;0,065;NA
F11;22;210;51;PIS31;8;etamine;1;0,074;0,571
F11;22;210;52;PIS31;8;etamine;4;0,075;0,66
F11;22;210;53;PIS31;8;etamine;3;0,083;0,586
F11;22;210;54;PIS31;8;etamine;5;0,086;0,679
F11;22;210;55;PIS31;8;etamine;2;0,084;0,65
F11;22;210;56;PIS31;8;pistile;1;0,035;0,717
F11;22;210;6;Rien;NA;NA;NA;5,39E-04;NA
F11;22;210;8;Rien;NA;NA;NA;0,001;NA
F11;22;210;9;Rien;NA;NA;NA;5,39E-04;NA
F11;22;210;10;Rien;NA;NA;NA;5,39E-04;NA
F11;22;210;11;Rien;NA;NA;NA;5,39E-04;NA
F11;22;210;17;Rien;NA;NA;NA;5,39E-04;NA
F11;22;210;19;Rien;NA;NA;NA;5,39E-04;NA
F11;22;210;38;Rien;NA;NA;NA;0,001;NA
F11;22;210;57;Rien;NA;NA;NA;5,39E-04;NA
F12;23;210;1;PIS31;9;corolle;1;1,989;NA
F12;23;210;2;PIS31;9;sepale;5;0,067;NA
F12;23;210;3;PIS31;9;sepale;2;0,068;NA
F12;23;210;4;PIS31;9;sepale;4;0,078;NA
F12;23;210;5;PIS31;9;sepale;1;0,064;NA
F12;23;210;7;PIS31;9;sepale;3;0,07;NA
F12;23;210;8;PIS31;9;etamine;3;0,089;0,71
F12;23;210;9;PIS31;9;etamine;1;0,082;0,744
F12;23;210;10;PIS31;9;etamine;5;0,076;0,745
F12;23;210;11;PIS31;9;etamine;2;0,088;0,749
F12;23;210;12;PIS31;9;etamine;4;0,091;0,65
F12;23;210;13;PIS31;9;pistile;1;0,048;1,1
F12;23;210;15;PIS31;10;corolle;1;1,925;NA
F12;23;210;17;PIS31;10;sepale;4;0,073;NA
F12;23;210;18;PIS31;10;sepale;2;0,072;NA
F12;23;210;19;PIS31;10;sepale;5;0,064;NA
F12;23;210;20;PIS31;10;sepale;1;0,085;NA
F12;23;210;21;PIS31;10;sepale;3;0,066;NA
F12;23;210;22;PIS31;10;pistile;1;0,043;1,017
F12;23;210;23;PIS31;10;etamine;3;0,075;0,686
F12;23;210;24;PIS31;10;etamine;4;0,092;0,745
F12;23;210;25;PIS31;10;etamine;2;0,088;0,646
F12;23;210;26;PIS31;10;etamine;5;0,087;0,712
F12;23;210;27;PIS31;10;etamine;1;0,085;0,741
F12;23;210;6;Rien;NA;NA;NA;5,29E-04;NA
F12;23;210;14;Rien;NA;NA;NA;5,29E-04;NA
F12;23;210;16;Rien;NA;NA;;0,001;NA
F12;23;210;28;Rien;NA;NA;NA;5,29E-04;NA
F12;23;210;29;Rien;NA;NA;NA;5,29E-04;NA
F13;24;230;2;PIS33;1;corolle;1;1,124;NA
F13;24;230;4;PIS33;1;sepale;2;0,074;NA
F13;24;230;6;PIS33;1;sepale;1;0,061;NA
F13;24;230;7;PIS33;1;sepale;3;0,075;NA
F13;24;230;8;PIS33;1;sepale;4;0,081;NA
F13;24;230;9;PIS33;1;sepale;5;0,085;NA
F13;24;230;13;PIS33;1;etamine;1;0,083;0,706
F13;24;230;14;PIS33;1;etamine;2;0,08;0,686
F13;24;230;15;PIS33;1;etamine;3;0,074;0,581
F13;24;230;16;PIS33;1;etamine;4;0,076;0,563
F13;24;230;17;PIS33;1;etamine;5;0,083;0,702
F13;24;230;18;PIS33;1;pistile;1;0,05;0,892
F13;24;230;20;PIS33;2;corolle;1;1,36;NA
F13;24;230;21;PIS33;2;sepale;4;0,066;NA
F13;24;230;22;PIS33;2;sepale;2;0,086;NA
F13;24;230;23;PIS33;2;sepale;3;0,056;NA
F13;24;230;24;PIS33;2;sepale;5;0,062;NA
F13;24;230;25;PIS33;2;sepale;1;0,063;NA
F13;24;230;28;PIS33;2;pistile;1;0,038;0,779
F13;24;230;29;PIS33;2;etamine;5;0,068;0,525
F13;24;230;30;PIS33;2;etamine;3;0,0765;0,513
F13;24;230;30;PIS33;2;etamine;4;0,0765;0,522
F13;24;230;31;PIS33;2;etamine;2;0,078;0,513
F13;24;230;32;PIS33;2;etamine;3;0,064;0,443
F13;24;230;33;PIS40;6;corolle;1;1,23;NA
F13;24;230;34;PIS40;6;sepale;1;0,07;NA
F13;24;230;35;PIS40;6;sepale;2;0,081;NA
F13;24;230;36;PIS40;6;sepale;3;0,069;NA
F13;24;230;37;PIS40;6;sepale;4;0,065;NA
F13;24;230;38;PIS40;6;sepale;5;0,057;NA
F13;24;230;39;PIS40;6;pistile;1;0,028;0,775
F13;24;230;40;PIS40;6;etamine;1;0,081;0,579
F13;24;230;41;PIS40;6;etamine;2;0,071;0,591
F13;24;230;42;PIS40;6;etamine;4;0,081;0,645
F13;24;230;43;PIS40;6;etamine;5;0,068;0,645
F13;24;230;44;PIS40;6;etamine;3;0,078;0,647
F13;24;230;1;Rien;NA;NA;NA;0,038;NA
F13;24;230;3;Rien;NA;NA;NA;0,002;NA
F13;24;230;5;Rien;NA;NA;NA;7,68E-04;NA
F13;24;230;10;Rien;NA;NA;NA;0,004;NA
F13;24;230;11;Rien;NA;NA;NA;7,68E-04;NA
F13;24;230;12;Rien;NA;NA;NA;7,68E-04;NA
F13;24;230;19;Rien;NA;NA;NA;7,68E-04;NA
F13;24;230;26;Rien;NA;NA;NA;7,68E-04;NA
F13;24;230;27;Rien;NA;NA;NA;7,68E-04;NA
F13;24;230;45;Rien;NA;NA;NA;7,68E-04;NA
F14;25;204;1;PIS33;3;corolle;1;1,098;NA
F14;25;204;2;PIS33;3;sepale;1;0,039;NA
F14;25;204;3;PIS33;3;sepale;4;0,044;NA
F14;25;204;4;PIS33;3;sepale;5;0,05;NA
F14;25;204;5;PIS33;3;sepale;3;0,039;NA
F14;25;204;6;PIS33;3;sepale;2;0,052;NA
F14;25;204;10;PIS33;3;etamine;1;0,051;0,501
F14;25;204;11;PIS33;3;etamine;2;0,05;0,49
F14;25;204;12;PIS33;3;etamine;4;0,048;0,573
F14;25;204;13;PIS33;3;etamine;3;0,061;0,542
F14;25;204;14;PIS33;3;pistile;1;0,019;0,741
F14;25;204;15;PIS33;3;etamine;5;0,046;0,56
F14;25;204;19;PIS33;4;corolle;1;0,861;NA
F14;25;204;20;PIS33;4;sepale;4;0,044;NA
F14;25;204;21;PIS33;4;sepale;3;0,043;NA
F14;25;204;22;PIS33;4;sepale;5;0,043;NA
F14;25;204;23;PIS33;4;sepale;2;0,05;NA
F14;25;204;24;PIS33;4;sepale;1;0,035;NA
F14;25;204;28;PIS33;4;pistile;1;0,022;0,748
F14;25;204;29;PIS33;4;etamine;2;0,049;0,56
F14;25;204;30;PIS33;4;etamine;1;0,049;0,546
F14;25;204;31;PIS33;4;etamine;3;0,05;0,537
F14;25;204;32;PIS33;4;etamine;4;0,053;0,549
F14;25;204;33;PIS33;4;etamine;5;0,055;0,553
F14;25;204;37;PIS40;7;corolle;1;0,827;NA
F14;25;204;38;PIS40;7;sepale;1;0,078;NA
F14;25;204;39;PIS40;7;sepale;4;0,065;NA
F14;25;204;40;PIS40;7;sepale;2;0,082;NA
F14;25;204;41;PIS40;7;sepale;3;0,059;NA
F14;25;204;43;PIS40;7;etamine;4;0,064;0,543
F14;25;204;44;PIS40;7;etamine;3;0,047;0,53
F14;25;204;45;PIS40;7;etamine;1;0,062;0,549
F14;25;204;46;PIS40;7;pistile;1;0,022;0,578
F14;25;204;47;PIS40;7;etamine;2;0,056;0,521
F14;25;204;7;Rien;NA;NA;NA;0,001;NA
F14;25;204;8;Rien;NA;NA;NA;6,99E-04;NA
F14;25;204;9;Rien;NA;NA;NA;3,49E-04;NA
F14;25;204;16;Rien;NA;NA;NA;3,49E-04;NA
F14;25;204;17;Rien;NA;NA;NA;3,49E-04;NA
F14;25;204;18;Rien;NA;NA;NA;6,99E-04;NA
F14;25;204;25;Rien;NA;NA;NA;3,49E-04;NA
F14;25;204;26;Rien;NA;NA;NA;0,111;NA
F14;25;204;27;Rien;NA;NA;NA;6,99E-04;NA
F14;25;204;34;Rien;NA;NA;NA;6,99E-04;NA
F14;25;204;35;Rien;NA;NA;NA;3,49E-04;NA
F14;25;204;36;Rien;NA;NA;NA;3,49E-04;NA
F14;25;204;42;Rien;NA;NA;NA;3,49E-04;NA
F15;26;200;1;PIS40;8;corolle;1;1,366;NA
F15;26;200;2;PIS40;8;pistile;1;0,025;0,796
F15;26;200;3;PIS40;8;sepale;2;0,074;NA
F15;26;200;4;PIS40;8;sepale;3;0,073;NA
F15;26;200;5;PIS40;8;sepale;1;0,062;NA
F15;26;200;6;PIS40;8;sepale;4;0,055;NA
F15;26;200;7;PIS40;8;sepale;5;0,048;NA
F15;26;200;8;PIS40;8;etamine;2;0,066;0,607
F15;26;200;9;PIS40;8;etamine;5;0,069;0,648
F15;26;200;10;PIS40;8;etamine;3;0,063;0,672
F15;26;200;11;PIS40;8;etamine;1;0,064;0,636
F15;26;200;12;PIS40;8;etamine;4;0,059;0,605
F15;26;200;13;PIS40;9;corolle;1;1,124;NA
F15;26;200;16;PIS40;9;sepale;5;0,057;NA
F15;26;200;17;PIS40;9;etamine;3;0,077;0,542
F15;26;200;18;PIS40;9;sepale;1;0,07;NA
F15;26;200;20;PIS40;9;sepale;2;0,061;NA
F15;26;200;21;PIS40;9;etamine;1;0,052;0,574
F15;26;200;24;PIS40;9;etamine;4;0,063;0,634
F15;26;200;25;PIS40;9;pistile;1;0,021;0,63
F15;26;200;26;PIS40;9;etamine;2;0,068;0,617
F15;26;200;27;PIS40;9;etamine;5;0,068;0,718
F15;26;200;28;PIS40;9;sepale;4;0,049;NA
F15;26;200;29;PIS40;9;sepale;3;0,042;NA
F15;26;200;30;PIS40;10;corolle;1;1,225;NA
F15;26;200;31;PIS40;10;etamine;4;0,065;0,703
F15;26;200;32;PIS40;10;etamine;5;0,069;0,782
F15;26;200;33;PIS40;10;etamine;3;0,047;0,638
F15;26;200;34;PIS40;10;pistile;1;0,023;0,836
F15;26;200;35;PIS40;10;etamine;1;0,075;0,743
F15;26;200;36;PIS40;10;etamine;2;0,077;0,68
F15;26;200;37;PIS40;10;sepale;3;0,064;NA
F15;26;200;38;PIS40;10;sepale;4;0,055;NA
F15;26;200;39;PIS40;10;sepale;2;0,065;NA
F15;26;200;40;PIS40;10;sepale;5;0,049;NA
F15;26;200;41;PIS40;10;sepale;1;0,05;NA
F15;26;200;14;Rien;NA;NA;NA;0,006;NA
F15;26;200;15;Rien;NA;NA;NA;5,41E-04;NA
F15;26;200;19;Rien;NA;NA;NA;0,001;NA
F15;26;200;22;Rien;NA;NA;NA;5,41E-04;NA
F15;26;200;23;Rien;NA;NA;NA;0,002;NA
F15;27;205;1;PIS33;5;corolle;1;1,008;NA
F15;27;205;3;PIS33;5;sepale;3;0,048;NA
F15;27;205;4;PIS33;5;sepale;4;0,061;NA
F15;27;205;6;PIS33;5;sepale;2;0,058;NA
F15;27;205;7;PIS33;5;sepale;1;0,063;NA
F15;27;205;8;PIS33;5;etamine;4;0,09;0,753
F15;27;205;9;PIS33;5;etamine;5;0,085;0,596
F15;27;205;10;PIS33;5;etamine;1;0,087;0,709
F15;27;205;11;PIS33;5;etamine;2;0,077;0,746
F15;27;205;12;PIS33;5;sepale;5;0,044;NA
F15;27;205;13;PIS33;5;etamine;3;0,062;0,742
F15;27;205;14;PIS33;5;pistile;1;0,039;0,832
F15;27;205;17;PIS33;6;corolle;1;0,996;NA
F15;27;205;20;PIS33;6;sepale;3;0,054;NA
F15;27;205;21;PIS33;6;sepale;4;0,05;NA
F15;27;205;23;PIS33;6;etamine;1;0,075;0,675
F15;27;205;24;PIS33;6;pistile;1;0,037;0,999
F15;27;205;25;PIS33;6;etamine;2;0,074;0,701
F15;27;205;26;PIS33;6;sepale;2;0,053;NA
F15;27;205;27;PIS33;6;sepale;5;0,056;NA
F15;27;205;28;PIS33;6;etamine;3;0,059;0,588
F15;27;205;29;PIS33;6;sepale;1;0,064;NA
F15;27;205;30;PIS33;6;etamine;4;0,077;0,602
F15;27;205;31;PIS33;6;etamine;5;0,058;0,542
F15;27;205;32;PIS33;7;corolle;1;0,979;NA
F15;27;205;33;PIS33;7;sepale;2;0,059;NA
F15;27;205;34;PIS33;7;sepale;5;0,071;NA
F15;27;205;35;PIS33;7;sepale;1;0,039;NA
F15;27;205;36;PIS33;7;sepale;3;0,056;NA
F15;27;205;37;PIS33;7;sepale;4;0,063;NA
F15;27;205;38;PIS33;7;etamine;5;0,074;0,695
F15;27;205;40;PIS33;7;pistile;1;0,034;0,747
F15;27;205;41;PIS33;7;etamine;4;0,084;0,578
F15;27;205;43;PIS33;7;etamine;1;0,088;0,578
F15;27;205;44;PIS33;7;etamine;3;0,074;0,722
F15;27;205;45;PIS33;7;etamine;2;0,077;0,592
F15;27;205;48;PIS33;8;corolle;1;0,795;NA
F15;27;205;50;PIS33;8;sepale;4;0,039;NA
F15;27;205;51;PIS33;8;sepale;1;0,041;NA
F15;27;205;52;PIS33;8;sepale;3;0,045;NA
F15;27;205;53;PIS33;8;sepale;2;0,059;NA
F15;27;205;55;PIS33;8;sepale;5;0,035;NA
F15;27;205;56;PIS33;8;etamine;1;0,075;0,676
F15;27;205;57;PIS33;8;etamine;3;0,074;0,676
F15;27;205;58;PIS33;8;etamine;2;0,075;0,611
F15;27;205;59;PIS33;8;pistile;1;0,031;0,638
F15;27;205;60;PIS33;8;etamine;4;0,066;0,594
F15;27;205;63;PIS33;8;etamine;5;0,054;0,673
F15;27;205;66;PIS33;9;corolle;1;1,101;NA
F15;27;205;68;PIS33;9;etamine;1;0,085;0,733
F15;27;205;69;PIS33;9;etamine;2;0,07;0,645
F15;27;205;70;PIS33;9;sepale;2;0,08;NA
F15;27;205;71;PIS33;9;sepale;1;0,069;NA
F15;27;205;72;PIS33;9;sepale;4;0,059;NA
F15;27;205;73;PIS33;9;sepale;5;0,05;NA
F15;27;205;74;PIS33;9;etamine;4;0,086;0,715
F15;27;205;75;PIS33;9;pistile;1;0,037;0,856
F15;27;205;76;PIS33;9;etamine;3;0,085;0,543
F15;27;205;77;PIS33;9;etamine;5;0,072;0,588
F15;27;205;78;PIS33;9;sepale;3;0,059;NA
F15;27;205;81;PIS33;10;corolle;1;0,703;NA
F15;27;205;83;PIS33;10;pistile;1;0,033;0,942
F15;27;205;85;PIS33;10;etamine;2;0,064;0,671
F15;27;205;86;PIS33;10;etamine;3;0,072;0,649
F15;27;205;88;PIS33;10;etamine;1;0,071;0,598
F15;27;205;90;PIS33;10;etamine;4;0,062;0,531
F15;27;205;91;PIS33;10;etamine;1;0,082;0,576
F15;27;205;92;PIS33;10;sepale;1;0,049;NA
F15;27;205;93;PIS33;10;sepale;4;0,031;NA
F15;27;205;94;PIS33;10;sepale;2;0,034;NA
F15;27;205;95;PIS33;10;sepale;3;0,022;NA
F15;27;205;96;PIS33;10;sepale;5;0,028;NA
F15;27;205;2;Rien;NA;NA;NA;5,41E-04;NA
F15;27;205;5;Rien;NA;NA;NA;5,41E-04;NA
F15;27;205;16;Rien;NA;NA;NA;0,016;NA
F15;27;205;18;Rien;NA;NA;NA;5,41E-04;NA
F15;27;205;19;Rien;NA;NA;NA;0,002;NA
F15;27;205;22;Rien;NA;NA;NA;5,41E-04;NA
F15;27;205;39;Rien;NA;NA;NA;5,41E-04;NA
F15;27;205;42;Rien;NA;NA;NA;0,002;NA
F15;27;205;46;Rien;NA;NA;NA;5,41E-04;NA
F15;27;205;47;Rien;NA;NA;NA;5,41E-04;NA
F15;27;205;49;Rien;NA;NA;NA;5,41E-04;NA
F15;27;205;54;Rien;NA;NA;NA;5,41E-04;NA
F15;27;205;61;Rien;NA;NA;NA;0,001;NA
F15;27;205;62;Rien;NA;NA;NA;5,41E-04;NA
F15;27;205;64;Rien;NA;NA;NA;0,004;NA
F15;27;205;65;Rien;NA;NA;NA;0,001;NA
F15;27;205;67;Rien;NA;NA;NA;0,005;NA
F15;27;205;79;Rien;NA;NA;NA;5,41E-04;NA
F15;27;205;80;Rien;NA;NA;NA;5,41E-04;NA
F15;27;205;82;Rien;NA;NA;NA;5,41E-04;NA
F15;27;205;84;Rien;NA;NA;NA;0,002;NA
F15;27;205;87;Rien;NA;NA;NA;0,001;NA
F15;27;205;89;Rien;NA;NA;NA;0,024;NA
